time,MINUS_DI
2023-07-24 19:00,22.8172
2023-07-24 18:00,23.6922
2023-07-24 17:00,23.7925
2023-07-24 16:00,31.2581
2023-07-24 15:00,35.6532
2023-07-24 14:00,35.0811
2023-07-24 13:00,36.4732
2023-07-24 12:00,36.4768
2023-07-24 11:00,37.2697
2023-07-24 10:00,38.0949
2023-07-24 09:00,39.3491
2023-07-24 08:00,43.9342
2023-07-24 07:00,42.3157
2023-07-24 06:00,42.9196
2023-07-24 05:00,44.2738
2023-07-24 04:00,44.7988
2023-07-21 19:00,46.3732
2023-07-21 18:00,46.5374
2023-07-21 17:00,52.8781
2023-07-21 16:00,33.5685
2023-07-21 15:00,36.7296
2023-07-21 14:00,34.1229
2023-07-21 13:00,35.2091
2023-07-21 12:00,36.7390
2023-07-21 11:00,35.5993
2023-07-21 10:00,36.6361
2023-07-21 09:00,35.1875
2023-07-21 08:00,38.2557
2023-07-21 07:00,38.3321
2023-07-21 06:00,38.9178
2023-07-21 05:00,39.5383
2023-07-21 04:00,39.2666
2023-07-20 19:00,39.7136
2023-07-20 18:00,39.6532
2023-07-20 17:00,40.0042
2023-07-20 16:00,37.7036
2023-07-20 15:00,42.6319
2023-07-20 14:00,42.1211
2023-07-20 13:00,41.8227
2023-07-20 12:00,41.5957
2023-07-20 11:00,42.7982
2023-07-20 10:00,43.6170
2023-07-20 09:00,45.1879
2023-07-20 08:00,47.5102
2023-07-20 07:00,49.1129
2023-07-20 06:00,49.7555
2023-07-20 05:00,49.9823
2023-07-20 04:00,50.4012
2023-07-19 19:00,50.6908
2023-07-19 18:00,50.3158
2023-07-19 17:00,50.7707
2023-07-19 16:00,62.8663
2023-07-19 15:00,39.7175
2023-07-19 14:00,40.5673
2023-07-19 13:00,41.9222
2023-07-19 12:00,43.0922
2023-07-19 11:00,48.5373
2023-07-19 10:00,49.5034
2023-07-19 09:00,50.2142
2023-07-19 08:00,50.4149
2023-07-19 07:00,51.3161
2023-07-19 06:00,51.7561
2023-07-19 05:00,51.7268
2023-07-19 04:00,51.9736
2023-07-18 19:00,52.3380
2023-07-18 18:00,52.4395
2023-07-18 17:00,52.7154
2023-07-18 16:00,78.8078
2023-07-18 15:00,42.5238
2023-07-18 14:00,44.6252
2023-07-18 13:00,47.4019
2023-07-18 12:00,50.1880
2023-07-18 11:00,50.6059
2023-07-18 10:00,53.1869
2023-07-18 09:00,55.4460
2023-07-18 08:00,58.4552
2023-07-18 07:00,56.2701
2023-07-18 06:00,56.9354
2023-07-18 05:00,57.6256
2023-07-18 04:00,57.9517
2023-07-17 19:00,58.3762
2023-07-17 18:00,59.0159
2023-07-17 17:00,59.4815
2023-07-17 16:00,38.4580
2023-07-17 15:00,36.4814
2023-07-17 14:00,38.2302
2023-07-17 13:00,39.9540
2023-07-17 12:00,41.8741
2023-07-17 11:00,41.9831
2023-07-17 10:00,43.5037
2023-07-17 09:00,45.1893
2023-07-17 08:00,51.5776
2023-07-17 07:00,51.6163
2023-07-17 06:00,53.0907
2023-07-17 05:00,53.8885
2023-07-17 04:00,54.9100
2023-07-14 19:00,58.8256
2023-07-14 18:00,59.2144
2023-07-14 17:00,59.7339
2023-07-14 16:00,27.4925
2023-07-14 15:00,28.6721
2023-07-14 14:00,29.3328
2023-07-14 13:00,30.8019
2023-07-14 12:00,32.0690
2023-07-14 11:00,29.4870
2023-07-14 10:00,29.8075
2023-07-14 09:00,31.7325
2023-07-14 08:00,34.5457
2023-07-14 07:00,38.6826
2023-07-14 06:00,40.0218
2023-07-14 05:00,39.9296
2023-07-14 04:00,40.0602
2023-07-13 19:00,42.9891
2023-07-13 18:00,43.4641
2023-07-13 17:00,44.1139
2023-07-13 16:00,34.5856
2023-07-13 15:00,33.8340
2023-07-13 14:00,35.3222
2023-07-13 13:00,36.1706
2023-07-13 12:00,37.0604
2023-07-13 11:00,38.1607
2023-07-13 10:00,39.5803
2023-07-13 09:00,40.8511
2023-07-13 08:00,43.3795
2023-07-13 07:00,42.2176
2023-07-13 06:00,42.2887
2023-07-13 05:00,42.7859
2023-07-13 04:00,43.3732
2023-07-12 19:00,45.0396
2023-07-12 18:00,45.5634
2023-07-12 17:00,46.1825
2023-07-12 16:00,20.5950
2023-07-12 15:00,20.8786
2023-07-12 14:00,20.3834
2023-07-12 13:00,20.9216
2023-07-12 12:00,21.5220
2023-07-12 11:00,22.6498
2023-07-12 10:00,19.4712
2023-07-12 09:00,20.5945
2023-07-12 08:00,23.8231
2023-07-12 07:00,27.7182
2023-07-12 06:00,27.9991
2023-07-12 05:00,28.1115
2023-07-12 04:00,28.5164
2023-07-11 19:00,29.0092
2023-07-11 18:00,29.2691
2023-07-11 17:00,29.4765
2023-07-11 16:00,41.7487
2023-07-11 15:00,44.5945
2023-07-11 14:00,46.9778
2023-07-11 13:00,46.4128
2023-07-11 12:00,46.4092
2023-07-11 11:00,47.9487
2023-07-11 10:00,49.2947
2023-07-11 09:00,50.6627
2023-07-11 08:00,51.2759
2023-07-11 07:00,52.2478
2023-07-11 06:00,53.2438
2023-07-11 05:00,53.8899
2023-07-11 04:00,54.9515
2023-07-10 19:00,55.7015
2023-07-10 18:00,55.9155
2023-07-10 17:00,56.2036
2023-07-10 16:00,47.1391
2023-07-10 15:00,47.4810
2023-07-10 14:00,48.4599
2023-07-10 13:00,49.4281
2023-07-10 12:00,50.2066
2023-07-10 11:00,50.3716
2023-07-10 10:00,51.3125
2023-07-10 09:00,53.6127
2023-07-10 08:00,54.8018
2023-07-10 07:00,56.4354
2023-07-10 06:00,58.0694
2023-07-10 05:00,58.1863
2023-07-10 04:00,58.4680
2023-07-07 19:00,57.1585
2023-07-07 18:00,57.2775
2023-07-07 17:00,53.9695
2023-07-07 16:00,25.6254
2023-07-07 15:00,25.6591
2023-07-07 14:00,19.6305
2023-07-07 13:00,19.9618
2023-07-07 12:00,20.4572
2023-07-07 11:00,21.2025
2023-07-07 10:00,22.2727
2023-07-07 09:00,23.7645
2023-07-07 08:00,30.5578
2023-07-07 07:00,32.5157
2023-07-07 06:00,32.9237
2023-07-07 05:00,32.2866
2023-07-07 04:00,32.5008
2023-07-06 19:00,34.1857
2023-07-06 18:00,34.6022
2023-07-06 17:00,34.8519
2023-07-06 16:00,37.4510
2023-07-06 15:00,10.7400
2023-07-06 14:00,11.1173
2023-07-06 13:00,11.4468
2023-07-06 12:00,11.8000
2023-07-06 11:00,12.1535
2023-07-06 10:00,12.7152
2023-07-06 09:00,13.0683
2023-07-06 08:00,14.3948
2023-07-06 07:00,15.6516
2023-07-06 06:00,15.8126
2023-07-06 05:00,15.4087
2023-07-06 04:00,15.5425
2023-07-05 19:00,12.1238
2023-07-05 18:00,12.1457
2023-07-05 17:00,12.1989
2023-07-05 16:00,31.2839
2023-07-05 15:00,31.3703
2023-07-05 14:00,31.8940
2023-07-05 13:00,31.9744
2023-07-05 12:00,32.7527
2023-07-05 11:00,32.6061
2023-07-05 10:00,29.0431
2023-07-05 09:00,30.1398
2023-07-05 08:00,32.7256
2023-07-05 07:00,38.0338
2023-07-05 06:00,39.1704
2023-07-05 05:00,40.5455
2023-07-05 04:00,39.1303
2023-07-03 16:00,37.1696
2023-07-03 15:00,37.3427
2023-07-03 14:00,37.4451
2023-07-03 13:00,43.9619
2023-07-03 12:00,45.0145
2023-07-03 11:00,46.0578
2023-07-03 10:00,47.1669
2023-07-03 09:00,46.9631
2023-07-03 08:00,49.1427
2023-07-03 07:00,41.2810
2023-07-03 06:00,42.1498
2023-07-03 05:00,41.3619
2023-07-03 04:00,41.0790
2023-06-30 19:00,42.4289
2023-06-30 18:00,43.2134
2023-06-30 17:00,43.4675
2023-06-30 16:00,54.9896
2023-06-30 15:00,18.8225
2023-06-30 14:00,21.3417
2023-06-30 13:00,21.9814
2023-06-30 12:00,22.8137
2023-06-30 11:00,23.9602
2023-06-30 10:00,25.4731
2023-06-30 09:00,28.4299
2023-06-30 08:00,31.5826
2023-06-30 07:00,27.3852
2023-06-30 06:00,28.3370
2023-06-30 05:00,29.4331
2023-06-30 04:00,30.4540
2023-06-29 19:00,32.0775
2023-06-29 18:00,32.7405
2023-06-29 17:00,33.9221
2023-06-29 16:00,33.9360
2023-06-29 15:00,36.1352
2023-06-29 14:00,37.6019
2023-06-29 13:00,39.1475
2023-06-29 12:00,39.7923
2023-06-29 11:00,41.1201
2023-06-29 10:00,42.7315
2023-06-29 09:00,45.3597
2023-06-29 08:00,48.9232
2023-06-29 07:00,45.1101
2023-06-29 06:00,45.8167
2023-06-29 05:00,46.5950
2023-06-29 04:00,47.4152
2023-06-28 19:00,47.2118
2023-06-28 18:00,47.9464
2023-06-28 17:00,49.1956
2023-06-28 16:00,21.0515
2023-06-28 15:00,21.9313
2023-06-28 14:00,19.8326
2023-06-28 13:00,20.5938
2023-06-28 12:00,21.6857
2023-06-28 11:00,19.8040
2023-06-28 10:00,20.5157
2023-06-28 09:00,22.3863
2023-06-28 08:00,23.7301
2023-06-28 07:00,24.7200
2023-06-28 06:00,25.1814
2023-06-28 05:00,25.2574
2023-06-28 04:00,25.1083
2023-06-27 19:00,25.7703
2023-06-27 18:00,26.1721
2023-06-27 17:00,26.4724
2023-06-27 16:00,38.8794
2023-06-27 15:00,24.5278
2023-06-27 14:00,25.1556
2023-06-27 13:00,26.2057
2023-06-27 12:00,27.1794
2023-06-27 11:00,28.3320
2023-06-27 10:00,30.0865
2023-06-27 09:00,31.2699
2023-06-27 08:00,33.4500
2023-06-27 07:00,45.6878
2023-06-27 06:00,45.3815
2023-06-27 05:00,45.9850
2023-06-27 04:00,46.7888
2023-06-26 19:00,48.5113
2023-06-26 18:00,49.4039
