time,PLUS_DI
2023-07-24 19:00,36.4723
2023-07-24 18:00,34.4896
2023-07-24 17:00,34.6355
2023-07-24 16:00,22.2407
2023-07-24 15:00,17.4185
2023-07-24 14:00,17.9399
2023-07-24 13:00,17.0462
2023-07-24 12:00,17.3004
2023-07-24 11:00,17.6765
2023-07-24 10:00,18.3112
2023-07-24 09:00,18.9140
2023-07-24 08:00,14.7817
2023-07-24 07:00,15.7668
2023-07-24 06:00,15.9919
2023-07-24 05:00,14.8488
2023-07-24 04:00,15.0248
2023-07-21 19:00,13.0833
2023-07-21 18:00,13.0706
2023-07-21 17:00,14.8515
2023-07-21 16:00,21.4505
2023-07-21 15:00,17.3623
2023-07-21 14:00,18.4217
2023-07-21 13:00,19.0081
2023-07-21 12:00,19.5625
2023-07-21 11:00,20.4387
2023-07-21 10:00,21.2636
2023-07-21 09:00,22.2476
2023-07-21 08:00,16.5021
2023-07-21 07:00,17.1821
2023-07-21 06:00,16.5669
2023-07-21 05:00,16.0338
2023-07-21 04:00,16.2512
2023-07-20 19:00,15.6773
2023-07-20 18:00,15.9055
2023-07-20 17:00,16.0463
2023-07-20 16:00,18.1317
2023-07-20 15:00,8.8536
2023-07-20 14:00,9.0655
2023-07-20 13:00,9.4033
2023-07-20 12:00,9.5466
2023-07-20 11:00,8.8444
2023-07-20 10:00,9.0136
2023-07-20 09:00,9.3383
2023-07-20 08:00,7.1713
2023-07-20 07:00,6.1151
2023-07-20 06:00,5.4972
2023-07-20 05:00,5.2456
2023-07-20 04:00,5.2896
2023-07-19 19:00,5.3410
2023-07-19 18:00,5.3947
2023-07-19 17:00,5.4434
2023-07-19 16:00,8.7215
2023-07-19 15:00,14.3597
2023-07-19 14:00,14.2336
2023-07-19 13:00,13.7473
2023-07-19 12:00,14.1310
2023-07-19 11:00,3.9033
2023-07-19 10:00,3.3667
2023-07-19 09:00,3.4213
2023-07-19 08:00,3.4981
2023-07-19 07:00,2.9572
2023-07-19 06:00,2.8462
2023-07-19 05:00,2.8727
2023-07-19 04:00,2.8864
2023-07-18 19:00,2.4286
2023-07-18 18:00,2.4340
2023-07-18 17:00,2.4468
2023-07-18 16:00,4.6923
2023-07-18 15:00,13.0114
2023-07-18 14:00,11.4279
2023-07-18 13:00,9.1498
2023-07-18 12:00,8.2782
2023-07-18 11:00,8.6794
2023-07-18 10:00,8.6377
2023-07-18 09:00,9.0045
2023-07-18 08:00,9.4932
2023-07-18 07:00,10.8291
2023-07-18 06:00,10.7959
2023-07-18 05:00,10.9267
2023-07-18 04:00,10.9886
2023-07-17 19:00,11.2649
2023-07-17 18:00,11.0090
2023-07-17 17:00,11.0958
2023-07-17 16:00,23.0473
2023-07-17 15:00,24.7242
2023-07-17 14:00,22.0745
2023-07-17 13:00,20.8511
2023-07-17 12:00,20.1816
2023-07-17 11:00,21.3556
2023-07-17 10:00,21.0754
2023-07-17 09:00,21.8920
2023-07-17 08:00,12.6003
2023-07-17 07:00,14.0201
2023-07-17 06:00,12.7598
2023-07-17 05:00,12.9515
2023-07-17 04:00,13.1971
2023-07-14 19:00,8.3627
2023-07-14 18:00,8.0875
2023-07-14 17:00,7.8488
2023-07-14 16:00,14.7513
2023-07-14 15:00,14.5993
2023-07-14 14:00,15.8299
2023-07-14 13:00,15.3557
2023-07-14 12:00,16.3805
2023-07-14 11:00,17.4481
2023-07-14 10:00,18.0673
2023-07-14 09:00,17.7989
2023-07-14 08:00,19.3769
2023-07-14 07:00,14.4904
2023-07-14 06:00,14.4285
2023-07-14 05:00,14.9540
2023-07-14 04:00,15.2502
2023-07-13 19:00,13.4407
2023-07-13 18:00,13.6539
2023-07-13 17:00,13.7280
2023-07-13 16:00,16.4779
2023-07-13 15:00,16.8404
2023-07-13 14:00,15.5084
2023-07-13 13:00,15.1268
2023-07-13 12:00,15.4989
2023-07-13 11:00,15.1808
2023-07-13 10:00,15.7455
2023-07-13 09:00,16.5969
2023-07-13 08:00,17.6241
2023-07-13 07:00,18.8732
2023-07-13 06:00,19.0952
2023-07-13 05:00,19.1316
2023-07-13 04:00,19.3942
2023-07-12 19:00,16.3399
2023-07-12 18:00,16.5300
2023-07-12 17:00,15.8865
2023-07-12 16:00,23.6865
2023-07-12 15:00,24.0127
2023-07-12 14:00,24.7708
2023-07-12 13:00,23.7498
2023-07-12 12:00,23.5305
2023-07-12 11:00,24.7635
2023-07-12 10:00,26.2233
2023-07-12 09:00,27.7361
2023-07-12 08:00,31.4754
2023-07-12 07:00,23.3726
2023-07-12 06:00,23.2129
2023-07-12 05:00,23.4431
2023-07-12 04:00,22.7297
2023-07-11 19:00,22.1297
2023-07-11 18:00,22.1901
2023-07-11 17:00,22.3474
2023-07-11 16:00,12.1058
2023-07-11 15:00,8.4342
2023-07-11 14:00,5.8017
2023-07-11 13:00,6.0128
2023-07-11 12:00,6.1511
2023-07-11 11:00,6.3552
2023-07-11 10:00,6.6214
2023-07-11 09:00,6.8684
2023-07-11 08:00,7.3450
2023-07-11 07:00,7.7030
2023-07-11 06:00,7.1427
2023-07-11 05:00,7.2293
2023-07-11 04:00,6.3047
2023-07-10 19:00,5.3864
2023-07-10 18:00,5.4071
2023-07-10 17:00,5.4350
2023-07-10 16:00,8.8063
2023-07-10 15:00,8.8701
2023-07-10 14:00,8.7841
2023-07-10 13:00,7.9691
2023-07-10 12:00,7.5073
2023-07-10 11:00,7.7168
2023-07-10 10:00,7.8905
2023-07-10 09:00,8.2443
2023-07-10 08:00,9.0294
2023-07-10 07:00,9.4240
2023-07-10 06:00,6.8899
2023-07-10 05:00,6.9455
2023-07-10 04:00,7.0278
2023-07-07 19:00,7.2557
2023-07-07 18:00,7.2361
2023-07-07 17:00,15.2784
2023-07-07 16:00,27.1232
2023-07-07 15:00,27.7219
2023-07-07 14:00,30.3940
2023-07-07 13:00,30.9069
2023-07-07 12:00,30.9927
2023-07-07 11:00,28.6097
2023-07-07 10:00,29.7797
2023-07-07 09:00,31.7743
2023-07-07 08:00,26.6454
2023-07-07 07:00,24.7219
2023-07-07 06:00,24.7812
2023-07-07 05:00,25.1564
2023-07-07 04:00,25.3233
2023-07-06 19:00,24.5624
2023-07-06 18:00,24.2932
2023-07-06 17:00,24.4685
2023-07-06 16:00,26.2932
2023-07-06 15:00,39.1238
2023-07-06 14:00,38.0321
2023-07-06 13:00,38.5820
2023-07-06 12:00,38.6672
2023-07-06 11:00,37.3587
2023-07-06 10:00,37.2451
2023-07-06 09:00,38.2795
2023-07-06 08:00,40.9120
2023-07-06 07:00,40.1397
2023-07-06 06:00,40.5130
2023-07-06 05:00,40.9038
2023-07-06 04:00,41.2590
2023-07-05 19:00,42.9784
2023-07-05 18:00,43.1670
2023-07-05 17:00,43.3563
2023-07-05 16:00,18.9741
2023-07-05 15:00,19.2252
2023-07-05 14:00,19.1751
2023-07-05 13:00,20.1104
2023-07-05 12:00,20.5999
2023-07-05 11:00,21.3105
2023-07-05 10:00,23.0217
2023-07-05 09:00,23.8910
2023-07-05 08:00,25.9408
2023-07-05 07:00,18.5460
2023-07-05 06:00,18.2148
2023-07-05 05:00,18.2159
2023-07-05 04:00,18.6961
2023-07-03 16:00,19.8352
2023-07-03 15:00,19.9276
2023-07-03 14:00,20.0753
2023-07-03 13:00,7.2107
2023-07-03 12:00,7.2930
2023-07-03 11:00,7.2474
2023-07-03 10:00,7.4219
2023-07-03 09:00,8.0637
2023-07-03 08:00,8.4379
2023-07-03 07:00,11.4582
2023-07-03 06:00,11.6994
2023-07-03 05:00,12.1192
2023-07-03 04:00,12.3032
2023-06-30 19:00,11.8756
2023-06-30 18:00,10.7969
2023-06-30 17:00,10.8604
2023-06-30 16:00,13.7392
2023-06-30 15:00,27.5787
2023-06-30 14:00,20.3001
2023-06-30 13:00,20.3820
2023-06-30 12:00,19.2800
2023-06-30 11:00,19.7921
2023-06-30 10:00,21.0418
2023-06-30 09:00,19.5112
2023-06-30 08:00,18.2195
2023-06-30 07:00,22.6469
2023-06-30 06:00,23.4341
2023-06-30 05:00,23.8248
2023-06-30 04:00,22.5040
2023-06-29 19:00,18.7765
2023-06-29 18:00,17.9397
2023-06-29 17:00,18.2189
2023-06-29 16:00,19.3997
2023-06-29 15:00,15.8327
2023-06-29 14:00,16.5058
2023-06-29 13:00,15.7019
2023-06-29 12:00,16.1672
2023-06-29 11:00,16.8844
2023-06-29 10:00,17.5460
2023-06-29 09:00,18.6252
2023-06-29 08:00,19.1361
2023-06-29 07:00,21.3023
2023-06-29 06:00,21.4039
2023-06-29 05:00,21.1100
2023-06-29 04:00,21.4816
2023-06-28 19:00,22.3408
2023-06-28 18:00,22.6884
2023-06-28 17:00,21.2581
2023-06-28 16:00,33.8687
2023-06-28 15:00,32.9695
2023-06-28 14:00,34.8966
2023-06-28 13:00,34.4082
2023-06-28 12:00,36.2326
2023-06-28 11:00,39.7872
2023-06-28 10:00,39.9315
2023-06-28 09:00,39.3687
2023-06-28 08:00,40.0418
2023-06-28 07:00,39.5136
2023-06-28 06:00,39.5579
2023-06-28 05:00,39.8340
2023-06-28 04:00,40.3383
2023-06-27 19:00,40.0165
2023-06-27 18:00,40.2191
2023-06-27 17:00,40.6807
2023-06-27 16:00,28.0465
2023-06-27 15:00,34.9762
2023-06-27 14:00,35.2465
2023-06-27 13:00,36.1709
2023-06-27 12:00,35.5739
2023-06-27 11:00,33.7544
2023-06-27 10:00,34.6803
2023-06-27 09:00,36.0444
2023-06-27 08:00,38.5573
2023-06-27 07:00,20.3256
2023-06-27 06:00,20.9001
2023-06-27 05:00,21.1781
2023-06-27 04:00,21.5483
2023-06-26 19:00,19.2913
2023-06-26 18:00,18.7013
